name,label
urus/00000129.jpg,urus
urus/00000107.jpg,urus
urus/00000061.jpg,urus
urus/00000370.jpg,urus
urus/00000044.jpg,urus
urus/00000053.jpg,urus
urus/00000248.jpg,urus
urus/00000019.jpg,urus
urus/00000066.jpg,urus
urus/00000242.jpg,urus
urus/00000314.jpg,urus
urus/00000275.jpg,urus
urus/00000062.jpg,urus
urus/00000150.jpg,urus
urus/00000031.jpg,urus
urus/00000022.jpg,urus
urus/00000270.jpg,urus
urus/00000136.jpg,urus
urus/00000060.jpg,urus
urus/00000041.jpg,urus
urus/00000040.jpg,urus
urus/00000363.jpg,urus
urus/00000138.jpg,urus
urus/00000373.jpg,urus
urus/00000023.jpg,urus
urus/00000268.jpg,urus
urus/00000050.jpg,urus
urus/00000202.jpg,urus
urus/00000255.jpg,urus
urus/00000308.jpg,urus
urus/00000337.jpg,urus
urus/00000326.jpg,urus
urus/00000321.jpg,urus
urus/00000342.jpg,urus
urus/00000208.jpg,urus
urus/00000271.jpg,urus
urus/00000067.jpg,urus
urus/00000338.jpg,urus
urus/00000206.jpg,urus
urus/00000356.jpg,urus
urus/00000364.jpg,urus
urus/00000126.jpg,urus
urus/00000036.jpg,urus
urus/00000272.jpg,urus
urus/00000358.jpg,urus
urus/00000146.jpg,urus
urus/00000074.jpg,urus
urus/00000024.jpg,urus
urus/00000132.jpg,urus
urus/00000279.jpg,urus
urus/00000261.jpg,urus
urus/00000152.jpg,urus
urus/00000056.jpg,urus
urus/00000269.jpg,urus
urus/00000153.jpg,urus
urus/00000253.jpg,urus
urus/00000315.jpg,urus
urus/00000366.jpg,urus
urus/00000003.jpg,urus
urus/00000211.jpg,urus
urus/00000365.jpg,urus
urus/00000020.jpg,urus
urus/00000351.jpg,urus
urus/00000013.jpg,urus
urus/00000226.jpg,urus
urus/00000218.jpg,urus
urus/00000110.jpg,urus
urus/00000025.jpg,urus
urus/00000329.jpg,urus
urus/00000116.jpg,urus
urus/00000217.jpg,urus
urus/00000164.jpg,urus
urus/00000165.jpg,urus
urus/00000225.jpg,urus
urus/00000273.jpg,urus
urus/00000219.jpg,urus
urus/00000048.jpg,urus
urus/00000341.jpg,urus
urus/00000349.jpg,urus
urus/00000359.jpg,urus
urus/00000175.jpg,urus
urus/00000105.jpg,urus
urus/00000112.jpg,urus
urus/00000010.jpg,urus
urus/00000134.jpg,urus
urus/00000158.jpg,urus
urus/00000000.jpg,urus
urus/00000072.jpg,urus
urus/00000215.jpg,urus
urus/00000312.jpg,urus
urus/00000075.jpg,urus
urus/00000313.jpg,urus
urus/00000027.jpg,urus
urus/00000323.jpg,urus
urus/00000114.jpg,urus
urus/00000177.jpg,urus
urus/00000115.jpg,urus
urus/00000220.jpg,urus
urus/00000064.jpg,urus
urus/00000350.jpg,urus
urus/00000277.jpg,urus
urus/00000168.jpg,urus
urus/00000302.jpg,urus
urus/00000376.jpg,urus
urus/00000174.jpg,urus
urus/00000137.jpg,urus
urus/00000117.jpg,urus
urus/00000263.jpg,urus
urus/00000374.jpg,urus
urus/00000103.jpg,urus
urus/00000343.jpg,urus
urus/00000262.jpg,urus
urus/00000311.jpg,urus
urus/00000029.jpg,urus
urus/00000030.jpg,urus
urus/00000011.jpg,urus
urus/00000250.jpg,urus
urus/00000009.jpg,urus
urus/00000222.jpg,urus
urus/00000032.jpg,urus
urus/00000347.jpg,urus
urus/00000071.jpg,urus
urus/00000360.jpg,urus
urus/00000002.jpg,urus
urus/00000267.jpg,urus
urus/00000240.jpg,urus
urus/00000155.jpg,urus
urus/00000004.jpg,urus
urus/00000213.jpg,urus
urus/00000127.jpg,urus
urus/00000109.jpg,urus
urus/00000367.jpg,urus
urus/00000233.jpg,urus
urus/00000301.jpg,urus
urus/00000258.jpg,urus
urus/00000353.jpg,urus
urus/00000172.jpg,urus
urus/00000159.jpg,urus
urus/00000038.jpg,urus
urus/00000239.jpg,urus
urus/00000079.jpg,urus
urus/00000157.jpg,urus
urus/00000304.jpg,urus
urus/00000318.jpg,urus
urus/00000120.jpg,urus
urus/00000018.jpg,urus
urus/00000357.jpg,urus
urus/00000238.jpg,urus
urus/00000178.jpg,urus
urus/00000142.jpg,urus
urus/00000266.jpg,urus
urus/00000229.jpg,urus
urus/00000119.jpg,urus
urus/00000133.jpg,urus
urus/00000055.jpg,urus
urus/00000207.jpg,urus
urus/00000014.jpg,urus
urus/00000243.jpg,urus
urus/00000130.jpg,urus
urus/00000101.jpg,urus
urus/00000265.jpg,urus
urus/00000361.jpg,urus
urus/00000330.jpg,urus
urus/00000223.jpg,urus
urus/00000236.jpg,urus
urus/00000355.jpg,urus
urus/00000348.jpg,urus
urus/00000069.jpg,urus
urus/00000111.jpg,urus
urus/00000234.jpg,urus
urus/00000012.jpg,urus
urus/00000170.jpg,urus
urus/00000235.jpg,urus
urus/00000005.jpg,urus
urus/00000046.jpg,urus
urus/00000231.jpg,urus
urus/00000244.jpg,urus
urus/00000332.jpg,urus
urus/00000026.jpg,urus
urus/00000070.jpg,urus
urus/00000073.jpg,urus
urus/00000227.jpg,urus
urus/00000131.jpg,urus
urus/00000305.jpg,urus
urus/00000210.jpg,urus
urus/00000179.jpg,urus
urus/00000143.jpg,urus
urus/00000166.jpg,urus
urus/00000333.jpg,urus
urus/00000037.jpg,urus
urus/00000214.jpg,urus
urus/00000303.jpg,urus
urus/00000039.jpg,urus
urus/00000141.jpg,urus
cayenne/00000107.jpg,cayenne
cayenne/00000173.jpg,cayenne
cayenne/00000061.jpg,cayenne
cayenne/00000370.jpg,cayenne
cayenne/00000248.jpg,cayenne
cayenne/00000203.jpg,cayenne
cayenne/00000169.jpg,cayenne
cayenne/00000019.jpg,cayenne
cayenne/00000066.jpg,cayenne
cayenne/00000310.jpg,cayenne
cayenne/00000242.jpg,cayenne
cayenne/00000314.jpg,cayenne
cayenne/00000076.jpg,cayenne
cayenne/00000151.jpg,cayenne
cayenne/00000150.jpg,cayenne
cayenne/00000230.jpg,cayenne
cayenne/00000149.jpg,cayenne
cayenne/00000335.jpg,cayenne
cayenne/00000257.jpg,cayenne
cayenne/00000144.jpg,cayenne
cayenne/00000228.jpg,cayenne
cayenne/00000060.jpg,cayenne
cayenne/00000041.jpg,cayenne
cayenne/00000363.jpg,cayenne
cayenne/00000138.jpg,cayenne
cayenne/00000373.jpg,cayenne
cayenne/00000028.jpg,cayenne
cayenne/00000023.jpg,cayenne
cayenne/00000268.jpg,cayenne
cayenne/00000050.jpg,cayenne
cayenne/00000202.jpg,cayenne
cayenne/00000255.jpg,cayenne
cayenne/00000308.jpg,cayenne
cayenne/00000212.jpg,cayenne
cayenne/00000326.jpg,cayenne
cayenne/00000321.jpg,cayenne
cayenne/00000078.jpg,cayenne
cayenne/00000241.jpg,cayenne
cayenne/00000316.jpg,cayenne
cayenne/00000342.jpg,cayenne
cayenne/00000208.jpg,cayenne
cayenne/00000033.jpg,cayenne
cayenne/00000224.jpg,cayenne
cayenne/00000378.jpg,cayenne
cayenne/00000372.jpg,cayenne
cayenne/00000206.jpg,cayenne
cayenne/00000272.jpg,cayenne
cayenne/00000358.jpg,cayenne
cayenne/00000043.jpg,cayenne
cayenne/00000074.jpg,cayenne
cayenne/00000024.jpg,cayenne
cayenne/00000132.jpg,cayenne
cayenne/00000279.jpg,cayenne
cayenne/00000201.jpg,cayenne
cayenne/00000056.jpg,cayenne
cayenne/00000327.jpg,cayenne
cayenne/00000123.jpg,cayenne
cayenne/00000344.jpg,cayenne
cayenne/00000153.jpg,cayenne
cayenne/00000253.jpg,cayenne
cayenne/00000366.jpg,cayenne
cayenne/00000340.jpg,cayenne
cayenne/00000309.jpg,cayenne
cayenne/00000365.jpg,cayenne
cayenne/00000020.jpg,cayenne
cayenne/00000351.jpg,cayenne
cayenne/00000013.jpg,cayenne
cayenne/00000226.jpg,cayenne
cayenne/00000329.jpg,cayenne
cayenne/00000217.jpg,cayenne
cayenne/00000164.jpg,cayenne
cayenne/00000063.jpg,cayenne
cayenne/00000165.jpg,cayenne
cayenne/00000319.jpg,cayenne
cayenne/00000219.jpg,cayenne
cayenne/00000341.jpg,cayenne
cayenne/00000105.jpg,cayenne
cayenne/00000112.jpg,cayenne
cayenne/00000167.jpg,cayenne
cayenne/00000010.jpg,cayenne
cayenne/00000134.jpg,cayenne
cayenne/00000145.jpg,cayenne
cayenne/00000000.jpg,cayenne
cayenne/00000072.jpg,cayenne
cayenne/00000027.jpg,cayenne
cayenne/00000114.jpg,cayenne
cayenne/00000177.jpg,cayenne
cayenne/00000115.jpg,cayenne
cayenne/00000306.jpg,cayenne
cayenne/00000220.jpg,cayenne
cayenne/00000331.jpg,cayenne
cayenne/00000064.jpg,cayenne
cayenne/00000350.jpg,cayenne
cayenne/00000021.jpg,cayenne
cayenne/00000260.jpg,cayenne
cayenne/00000058.jpg,cayenne
cayenne/00000168.jpg,cayenne
cayenne/00000302.jpg,cayenne
cayenne/00000376.jpg,cayenne
cayenne/00000035.jpg,cayenne
cayenne/00000117.jpg,cayenne
cayenne/00000263.jpg,cayenne
cayenne/00000334.jpg,cayenne
cayenne/00000103.jpg,cayenne
cayenne/00000176.jpg,cayenne
cayenne/00000377.jpg,cayenne
cayenne/00000311.jpg,cayenne
cayenne/00000029.jpg,cayenne
cayenne/00000054.jpg,cayenne
cayenne/00000161.jpg,cayenne
cayenne/00000250.jpg,cayenne
cayenne/00000100.jpg,cayenne
cayenne/00000001.jpg,cayenne
cayenne/00000124.jpg,cayenne
cayenne/00000102.jpg,cayenne
cayenne/00000222.jpg,cayenne
cayenne/00000065.jpg,cayenne
cayenne/00000347.jpg,cayenne
cayenne/00000071.jpg,cayenne
cayenne/00000360.jpg,cayenne
cayenne/00000252.jpg,cayenne
cayenne/00000002.jpg,cayenne
cayenne/00000240.jpg,cayenne
cayenne/00000140.jpg,cayenne
cayenne/00000139.jpg,cayenne
cayenne/00000004.jpg,cayenne
cayenne/00000213.jpg,cayenne
cayenne/00000367.jpg,cayenne
cayenne/00000317.jpg,cayenne
cayenne/00000015.jpg,cayenne
cayenne/00000258.jpg,cayenne
cayenne/00000353.jpg,cayenne
cayenne/00000038.jpg,cayenne
cayenne/00000051.jpg,cayenne
cayenne/00000339.jpg,cayenne
cayenne/00000079.jpg,cayenne
cayenne/00000059.jpg,cayenne
cayenne/00000118.jpg,cayenne
cayenne/00000304.jpg,cayenne
cayenne/00000318.jpg,cayenne
cayenne/00000274.jpg,cayenne
cayenne/00000122.jpg,cayenne
cayenne/00000264.jpg,cayenne
cayenne/00000238.jpg,cayenne
cayenne/00000119.jpg,cayenne
cayenne/00000207.jpg,cayenne
cayenne/00000336.jpg,cayenne
cayenne/00000014.jpg,cayenne
cayenne/00000130.jpg,cayenne
cayenne/00000320.jpg,cayenne
cayenne/00000265.jpg,cayenne
cayenne/00000223.jpg,cayenne
cayenne/00000259.jpg,cayenne
cayenne/00000355.jpg,cayenne
cayenne/00000348.jpg,cayenne
cayenne/00000069.jpg,cayenne
cayenne/00000256.jpg,cayenne
cayenne/00000111.jpg,cayenne
cayenne/00000234.jpg,cayenne
cayenne/00000012.jpg,cayenne
cayenne/00000247.jpg,cayenne
cayenne/00000235.jpg,cayenne
cayenne/00000154.jpg,cayenne
cayenne/00000007.jpg,cayenne
cayenne/00000244.jpg,cayenne
cayenne/00000148.jpg,cayenne
cayenne/00000332.jpg,cayenne
cayenne/00000070.jpg,cayenne
cayenne/00000227.jpg,cayenne
cayenne/00000131.jpg,cayenne
cayenne/00000210.jpg,cayenne
cayenne/00000245.jpg,cayenne
cayenne/00000179.jpg,cayenne
cayenne/00000049.jpg,cayenne
cayenne/00000346.jpg,cayenne
cayenne/00000016.jpg,cayenne
cayenne/00000333.jpg,cayenne
cayenne/00000037.jpg,cayenne
cayenne/00000251.jpg,cayenne
cayenne/00000214.jpg,cayenne
cayenne/00000039.jpg,cayenne
cayenne/00000209.jpg,cayenne
cayenne/00000379.jpg,cayenne
